track_id,genre_id
2,4
3,4
140,3
148,6
198,3
203,3
204,3
207,3
212,3
535,3
537,3
550,2
585,4
621,3
625,3
629,3
631,3
666,5
684,4
694,4
705,5
706,5
707,5
717,3
819,6
821,7
822,7
853,5
891,3
894,3
895,3
897,6
898,6
997,6
1087,8
1093,6
1095,6
1126,8
1149,8
1196,3
1278,6
1450,8
1510,6
1526,8
1545,3
1551,2
1556,2
1642,7
1644,7
1661,7
1663,7
1666,7
1671,6
1681,5
1682,5
1683,5
1684,5
1687,5
1701,3
1702,3
1810,8
1893,3
1896,3
1916,3
1925,3
1929,6
1940,8
2012,6
2096,6
2097,3
3270,3
3501,8
3515,8
3536,7
3581,8
3696,8
3707,3
3708,3
3763,8
3776,5
3777,5
3779,5
3832,3
3906,3
3908,3
3909,3
3911,3
3913,3
3919,3
3929,8
3934,8
3943,8
4013,3
4014,3
4037,3
4067,3
4069,3
4070,5
4071,5
4073,5
4074,5
4076,5
4077,5
4078,5
4079,5
4092,5
4095,5
4096,5
4099,5
4103,5
4232,5
4236,5
4297,8
4311,8
4446,3
4450,3
4490,8
4492,8
4508,5
4509,5
4511,5
4683,4
4757,6
4759,8
4779,8
4800,8
4829,8
4835,8
4849,5
4850,1
4851,1
5092,8
5141,3
5151,8
5156,3
5171,3
5191,7
5258,8
5267,4
5270,4
5319,2
5378,3
5380,3
5940,3
6330,5
6332,5
6333,5
6342,5
6357,5
6367,5
6372,5
6376,5
6381,5
6382,5
6385,5
6389,5
6394,5
6396,5
6406,3
6407,3
6459,5
6460,3
6522,8
6530,8
6602,8
6655,2
6762,3
6778,8
6780,3
6783,3
6784,3
6802,5
6854,3
7011,2
7015,2
7121,3
7262,8
7374,6
7378,6
7381,6
7391,6
7453,8
7498,8
7526,7
7528,7
7548,6
7551,6
7555,6
7556,6
7711,3
7713,3
7762,2
7782,8
8259,3
8261,3
8279,8
8347,6
8514,8
8578,8
9152,6
9155,6
9491,8
9512,5
9513,8
9555,8
9558,8
9608,6
9654,8
9677,6
9847,6
9887,3
9888,3
9985,8
10026,1
10027,1
10028,1
10029,1
10030,1
10032,1
10033,1
10035,1
10037,1
10038,1
10040,1
10041,1
10042,1
10043,1
10044,1
10045,1
10130,2
10375,6
10386,3
10434,6
10439,3
10442,3
10459,3
10481,3
10483,3
10485,3
10537,6
10558,6
10567,3
10623,2
10679,3
10693,4
10694,4
10698,4
10808,7
10810,7
10824,8
10885,8
10945,4
10951,4
10979,8
10980,8
10983,6
10993,3
11059,3
11199,7
11200,7
11239,6
11257,7
11375,1
11390,1
11394,1
11396,1
11397,1
11398,1
11405,1
11406,1
11407,1
11418,1
11419,1
11423,1
11425,1
11427,1
11428,1
11433,1
11447,8
11504,3
11509,3
11679,5
11682,5
11683,5
11696,1
11715,1
11716,1
11719,1
11720,1
11721,1
11722,1
11733,1
11734,1
11737,1
11738,1
11748,1
11750,1
11752,1
11753,1
11757,1
11758,1
11765,4
11767,4
11769,4
11771,4
11780,4
11781,4
11783,4
11791,4
11812,4
11815,4
11818,4
11826,4
11832,4
11839,4
11854,4
11861,4
11868,4
11879,4
11882,4
11889,4
11896,4
11899,4
11914,8
11917,4
11922,4
11941,4
11945,6
11949,6
12048,3
12051,3
12064,3
12083,2
12173,4
12188,7
12193,2
12194,4
12346,6
12350,3
12351,3
12353,3
12354,8
12355,3
12484,3
12487,3
12514,3
12527,7
12551,7
12552,7
12609,8
12690,5
12922,1
12923,1
12924,1
13116,2
13120,2
13191,7
13201,4
13209,4
13328,7
13329,7
13330,8
13378,7
13537,5
13538,5
13557,2
13558,7
13562,2
13591,4
13742,4
13747,4
13764,8
13930,3
14072,2
14107,2
14155,8
14220,8
14315,5
14320,5
14365,4
14366,4
14390,4
14391,4
14538,4
14539,4
14540,4
14541,4
14602,5
14649,1
14653,8
14663,7
14667,2
14675,2
14679,2
14693,3
14735,8
14739,8
14787,8
14808,3
14809,3
14812,3
14877,2
15095,6
15106,2
15145,4
15208,4
15257,8
15271,8
15366,3
15436,3
15471,6
15482,4
15487,5
15488,5
15492,4
15531,8
15543,6
15544,6
15607,8
15622,6
15628,1
15629,1
15846,6
15864,4
15868,4
15913,1
15963,2
15997,2
16036,1
16053,2
16055,2
16334,5
16337,7
16340,7
16437,8
16546,4
16565,2
16583,2
16588,2
16694,8
16743,5
16745,5
16765,8
16772,8
16825,2
16826,2
16878,4
16880,4
16895,7
16896,7
16938,6
16985,1
16989,1
16992,1
17344,7
17426,3
17447,8
17457,8
17467,2
17488,4
17497,4
17573,6
17584,1
17585,1
17602,8
17606,5
17607,5
17608,5
17609,5
17610,5
17611,5
17632,5
17633,5
17635,5
17636,5
17637,5
17643,6
17678,1
17698,2
17702,2
17711,8
17746,8
17794,1
17855,8
17909,8
18031,5
18032,5
18037,5
18038,5
18040,3
18042,3
18044,5
18045,5
18124,6
18135,6
18227,4
18347,3
18446,8
18577,6
18592,7
18606,8
18641,8
18654,8
18822,1
19073,7
19332,1
19391,8
19420,7
19422,7
19423,7
19438,4
19459,5
19464,8
19669,8
19673,5
19674,5
19689,7
19708,3
19758,7
19759,7
19760,7
19976,3
19978,3
20056,8
20424,6
20457,4
20461,4
20485,8
20490,8
20705,7
20707,7
20920,6
20964,8
21013,2
21058,6
21162,2
21184,8
21188,8
21232,7
21401,7
21403,7
21409,7
21424,2
21528,1
21529,1
21530,1
21532,1
21533,1
21542,1
21565,7
21569,7
21652,7
21657,7
21672,7
21678,6
21707,3
21774,6
21844,2
21858,2
21860,8
21861,8
21892,2
21896,2
21912,6
21954,2
21963,2
21995,7
21997,7
21998,7
21999,7
22022,4
22023,4
22040,2
22104,8
22110,8
22136,2
22144,2
22150,6
22299,3
22302,3
22305,3
22315,5
22351,2
22355,2
22434,2
22472,7
22479,7
22481,7
22598,8
23010,2
23042,4
23141,1
23142,1
23144,1
23146,1
23147,1
23148,1
23150,1
23151,1
23152,1
23160,1
23161,1
23186,1
23329,6
23448,2
23451,2
23459,2
23514,2
23530,2
23669,8
23790,2
23817,2
23822,2
23880,2
24053,2
24062,2
24142,2
24144,2
24178,2
24218,6
24331,6
24339,6
24362,5
24365,5
24368,5
24369,5
24370,5
24418,4
24422,4
24698,5
24702,5
24712,6
24720,5
24741,5
24745,5
24748,5
24799,2
24817,2
24832,1
24899,6
24901,6
24915,6
24917,6
24921,2
24925,2
24950,6
24963,6
24971,6
24977,6
24999,6
25000,6
25005,2
25008,2
25016,2
25030,5
25031,5
25124,7
25215,5
25235,5
25387,2
25601,5
25605,5
25606,5
25609,5
25795,5
25796,5
25797,5
25802,5
25804,5
25922,1
25996,7
26010,4
26011,4
26016,4
26021,4
26026,4
26036,4
26169,7
26174,7
26178,7
26182,2
26298,7
26302,3
26409,7
26464,3
26466,3
26469,1
26479,2
26595,6
26669,6
26674,8
26754,7
26764,7
27189,2
27194,5
27195,5
27197,5
27198,5
27258,3
27303,4
27305,4
27447,2
27449,2
27548,7
27551,7
27566,2
27591,2
27605,8
27610,5
27612,5
27613,5
27670,2
27785,2
27799,4
27949,1
27953,5
28032,8
28066,8
28097,1
28098,1
28099,1
28100,1
28101,1
28102,1
28103,1
28105,1
28108,1
28111,1
28112,1
28113,1
28114,1
28116,1
28117,1
28118,1
28119,1
28122,1
28124,6
28170,2
28199,8
28367,6
28375,6
28472,2
28478,7
28479,7
28480,7
28481,7
28549,1
28553,2
28765,8
28802,7
28898,2
29045,7
29046,7
29128,7
29244,7
29245,7
29253,7
29350,5
29466,6
29602,4
29603,4
29606,4
29622,8
29659,1
29685,6
29692,6
29721,4
29740,6
29744,6
29750,6
29817,2
29838,8
29859,8
29861,8
29943,4
29947,4
29956,4
29957,4
29958,4
30033,4
30037,4
30041,4
30043,4
30049,4
30052,4
30053,4
30056,4
30060,4
30074,8
30136,8
30230,4
30307,2
30376,2
30384,2
30500,6
30521,2
30694,6
30702,6
30717,6
30730,2
31160,8
31234,1
31235,1
31238,1
31239,1
31241,1
31242,1
31243,1
31245,1
31246,1
31247,1
31248,1
31249,1
31250,1
31390,3
31392,3
31561,2
31565,2
31577,2
31714,8
31807,3
31851,2
31852,2
31855,2
31856,2
31889,5
31904,6
32045,1
32079,8
32217,2
32218,2
32230,8
32326,7
32327,7
32328,7
32329,7
32331,7
32332,7
32334,7
32335,7
32336,7
32337,7
32338,7
32340,7
32407,6
32462,8
32510,2
32517,2
32525,7
32539,8
32687,4
32689,4
32690,4
32744,2
32755,4
32756,3
32811,2
32843,2
32847,2
32874,4
32880,4
32956,4
32962,4
33050,3
33067,5
33069,5
33070,5
33137,2
33302,2
33415,5
33424,5
33460,8
33494,2
33499,2
33502,2
33546,8
33555,4
33990,8
33992,8
34103,4
34137,3
34149,3
34255,6
34258,6
34312,1
34314,1
34315,1
34316,1
34317,1
34318,1
34320,1
34430,8
34457,1
34458,1
34459,1
34460,1
34462,1
34466,1
34467,1
34510,6
34530,2
34541,3
35007,6
35161,8
35183,7
35184,7
35193,6
35199,6
35546,7
35549,7
35551,7
35608,7
36139,2
36145,2
36178,8
36277,5
36306,2
36330,3
36331,3
36333,3
36400,8
36459,1
36460,1
36461,1
36462,1
36463,1
36464,1
36465,1
36466,1
36467,1
36468,1
36470,1
36471,1
36473,1
36476,1
36478,1
36479,1
36530,1
36531,1
36532,1
36534,1
36536,1
36537,1
36539,1
36553,7
36560,7
36575,3
36614,7
36618,7
36619,7
36643,7
36803,6
36804,6
36964,7
36966,7
36984,4
36997,4
37076,8
37136,7
37151,2
37390,2
37417,4
37457,8
37459,8
37510,2
37529,6
37781,6
37917,2
37957,2
37976,1
37977,1
38316,8
38323,5
38351,5
38353,5
38363,3
38365,5
38399,3
38556,8
38668,2
38745,8
38750,6
38778,5
38779,5
38782,5
38784,5
38785,5
38818,5
38826,5
38827,5
38828,5
38830,5
38834,5
38865,6
38876,6
38881,6
38887,6
38896,6
38899,6
38902,6
38905,6
38955,7
38956,1
38966,6
39317,6
39357,5
39378,6
39659,7
39663,7
39664,7
39665,7
39683,2
39847,2
39895,6
39944,2
39946,2
40122,6
40173,6
40175,6
40178,6
40179,6
40229,3
40232,3
40237,3
40238,3
40239,3
40240,3
40241,3
40243,3
40245,3
40272,8
40400,6
40519,4
40521,4
40527,4
40631,2
40772,2
40809,2
40821,2
40908,6
40921,6
40939,8
41018,5
41019,5
41046,6
41191,3
41192,3
41375,7
41381,7
41388,7
41452,2
41568,7
41569,1
41605,6
41706,6
41812,8
41866,8
41939,2
41950,1
41951,1
41952,1
41953,1
41955,1
41956,1
41957,1
41958,1
41959,1
41960,1
42016,5
42017,5
42020,5
42025,5
42029,5
42030,5
42146,6
42234,5
42235,5
42240,5
42241,5
42243,5
42247,5
42262,8
42283,6
42304,6
42461,8
42463,3
42475,8
42476,8
42534,8
42632,6
42650,3
42718,2
42727,2
42745,2
42757,2
42782,8
42806,8
42841,8
42907,7
42913,7
42915,7
42936,8
42938,8
43018,5
43020,5
43021,5
43022,5
43023,5
43024,5
43025,5
43028,5
43029,5
43030,5
43056,6
43061,6
43283,2
43286,2
43290,2
43516,5
43518,5
43519,5
43520,5
43521,5
43533,5
43536,5
43585,5
43587,5
43592,5
43594,5
43596,5
43598,5
43599,5
43600,5
43624,3
43697,5
43699,5
43773,7
43796,3
43856,4
43860,4
43861,4
43866,4
43868,4
43869,4
43882,6
43911,4
43962,3
43964,3
44057,7
44093,2
44164,6
44169,6
44185,8
44195,8
44203,8
44254,4
44258,4
44353,6
44366,6
44373,6
44376,6
44777,3
44795,6
44796,6
44798,6
44799,6
44801,6
44804,6
44806,7
44820,5
44821,5
44823,5
44825,6
44851,6
44853,6
44894,8
44896,8
44919,8
44946,5
44947,5
44948,5
44949,5
45016,8
45059,8
45100,2
45117,7
45119,7
45122,7
45127,7
45137,2
45140,2
45146,2
45150,2
45275,8
45420,6
45423,6
45427,6
45513,3
45515,3
45517,3
45522,3
46066,6
46068,6
46091,8
46137,8
46144,8
46191,8
46204,8
46206,8
46237,6
46241,6
46244,6
46311,6
46480,2
46483,2
46510,2
46514,2
46637,1
46648,1
46652,1
46695,1
46718,6
46733,7
46736,7
46739,1
46740,1
46839,7
46842,7
46843,7
46844,7
46846,7
46855,7
46927,7
46935,7
47100,7
47121,7
47195,6
47196,6
47406,8
47500,8
47600,8
47628,3
47661,3
47662,3
47663,3
47670,7
47671,7
47708,6
47741,8
47769,1
47770,1
47771,1
47772,1
47773,1
47775,1
47776,1
47778,1
47822,8
47835,7
47865,3
47867,3
47895,7
48091,8
48156,2
48159,2
48216,4
48229,8
48269,6
48292,2
48294,2
48319,6
48329,6
48346,6
48369,8
48387,1
48388,1
48389,1
48390,1
48391,1
48392,1
48393,1
48394,1
48395,1
48396,1
48397,1
48398,1
48400,1
48402,1
48403,1
48404,1
48406,1
48407,1
48408,1
48410,1
48418,6
48438,2
48448,7
48449,7
48454,7
48457,7
48488,5
48489,5
48492,5
48493,5
48494,5
48554,2
48599,2
48681,6
48754,1
48810,3
48820,3
48822,3
48857,6
48862,6
48864,6
48986,8
49029,3
49030,3
49032,3
49062,6
49067,6
49071,6
49072,6
49099,8
49135,8
49136,8
49139,1
49161,6
49394,6
49401,6
49408,6
49427,8
49473,7
49476,4
49529,8
49582,2
49585,2
49663,1
49849,3
49856,3
49857,3
50060,2
50072,4
50283,5
50312,3
50321,3
50449,8
50541,8
50546,8
50612,8
50616,3
50620,3
50622,3
50751,8
50863,2
50958,1
51264,7
51274,7
51289,7
51291,7
51304,6
51360,8
51382,8
51481,6
51508,2
51575,2
51577,2
51595,8
51601,8
51659,3
51786,6
51919,3
51924,2
51939,1
51940,1
51992,5
51999,5
52000,5
52033,7
52034,7
52037,7
52038,7
52039,7
52040,7
52041,7
52044,7
52119,5
52121,5
52124,5
52126,5
52127,5
52128,5
52352,8
52353,8
52361,8
52375,7
52380,7
52393,7
52475,8
52479,8
52501,3
52504,3
52568,8
52577,4
52578,4
52639,2
52641,2
52728,1
52737,1
52909,8
52946,3
52947,3
52948,3
52970,8
53152,5
53154,5
53158,5
53160,5
53228,7
53229,7
53231,1
53232,1
53299,5
53300,5
53301,5
53369,4
53374,4
53455,2
53499,2
53576,3
53589,3
53592,7
53666,8
53724,5
53727,5
53729,6
53732,6
54031,7
54036,7
54037,7
54038,7
54039,7
54138,2
54217,6
54294,3
54295,3
54368,4
54438,5
54443,5
54463,5
54465,5
54466,5
54475,5
54477,5
54479,5
54480,5
54481,5
54482,5
54489,2
54491,2
54553,6
54570,5
54664,7
54666,7
54699,3
54703,3
54713,8
54716,4
54747,4
54751,4
54873,2
54885,2
54967,2
55076,7
55098,4
55099,4
55103,4
55104,4
55106,4
55112,4
55123,4
55152,2
55194,2
55231,5
55235,5
55240,5
55242,5
55286,7
55289,7
55290,7
55291,7
55292,7
55430,7
55436,7
55547,4
55553,4
55573,4
55580,4
55715,8
55776,2
55779,2
55828,5
55830,5
55832,5
55833,5
55928,8
55947,1
55948,1
55950,1
55951,1
55952,1
55953,1
55954,1
55955,1
55956,1
55958,1
56012,6
56017,6
56020,6
56021,6
56028,2
56030,5
56031,6
56033,6
56083,6
56143,8
56152,8
56273,7
56274,7
56275,7
56466,5
56468,5
56471,5
56472,5
56474,5
56490,4
56495,4
56497,4
56498,4
56499,4
56516,3
56517,3
56519,3
56521,3
56560,1
56567,1
56575,1
56638,4
56639,4
56657,8
56687,5
56688,5
56693,5
56695,5
56696,5
56796,2
56799,2
56804,2
56885,8
56888,6
56895,7
57070,8
57168,3
57176,3
57178,7
57179,7
57257,8
57273,6
57329,6
57360,6
57403,8
57440,6
57508,2
57557,8
57569,8
57639,3
57640,3
57641,3
57644,3
57647,3
57661,8
57665,5
57821,4
57823,4
57888,8
57998,8
58002,6
58053,6
58061,6
58130,3
58156,1
58157,1
58160,1
58161,7
58162,7
58163,7
58166,7
58212,4
58215,4
58343,2
58474,7
58553,6
58701,1
58720,1
58722,1
58725,1
58726,1
58727,1
58728,1
58729,1
58731,1
58752,1
58754,1
58755,1
58757,1
58877,1
58889,1
59015,1
59016,1
59017,1
59020,1
59021,1
59023,1
59044,1
59046,1
59050,1
59051,1
59052,1
59053,1
59055,1
59056,1
59057,1
59058,1
59059,1
59060,1
59061,1
59062,1
59063,1
59068,1
59226,8
59274,2
59275,2
59445,7
59449,7
59450,7
59580,1
59584,1
59585,1
59586,1
59653,5
59654,5
59659,5
59660,5
59663,5
59666,5
59668,5
59669,5
59670,5
59686,5
59706,5
59707,5
59708,5
59709,5
59721,5
59723,5
59724,5
60037,5
60038,5
60041,5
60042,5
60143,5
60144,5
60145,5
60337,6
60352,8
60358,8
60470,4
60471,4
60475,4
60477,4
60488,4
60494,2
60504,4
60510,4
60528,4
60534,5
60535,5
60544,5
60546,5
60593,8
60603,4
60703,2
60753,5
60758,5
60779,3
60857,5
60864,5
60871,5
60873,5
60875,5
60966,6
60967,6
60980,8
60994,6
61007,3
61008,3
61009,3
61013,3
61158,4
61160,4
61162,4
61173,4
61439,2
61529,4
61568,2
61588,7
61736,7
61745,2
61746,2
61747,2
61755,2
61854,4
62157,7
62163,7
62172,2
62183,5
62184,5
62185,5
62186,5
62194,5
62328,2
62436,7
62448,7
62525,5
62526,5
62527,5
62532,5
62533,5
62561,8
62589,5
62591,5
62645,2
62748,7
62750,7
62751,7
63149,6
63151,6
63152,6
63206,3
63225,7
63226,7
63253,3
63257,3
63322,6
63361,2
63397,8
63408,2
63456,3
63457,3
63477,8
63500,8
63800,4
63802,4
63805,4
63877,4
63902,4
63936,6
63973,2
63999,7
64005,7
64006,7
64025,8
64236,8
64247,6
64248,6
64365,7
64409,5
64445,2
64452,2
64518,4
64520,4
64544,2
64548,2
64554,3
64556,3
64566,3
64590,5
64601,6
64625,4
64760,8
64763,8
64764,8
64770,8
64789,7
64796,7
64803,2
64809,3
64836,7
64840,7
64854,6
64928,8
64972,2
64991,4
64993,4
64994,4
65037,2
65076,5
65090,6
65451,6
65615,8
65651,1
65652,1
65653,1
65654,1
65655,1
65657,1
65658,1
65659,1
65660,1
65661,1
65662,1
65663,1
65665,1
65666,1
65667,1
65668,1
65669,1
65670,1
65672,1
65673,1
65674,1
65675,1
65676,1
65677,1
65678,1
65679,1
65680,1
65681,1
65682,1
65686,8
65705,2
65707,2
65745,4
65748,2
65751,2
65756,7
65781,1
65782,1
65783,1
65784,1
65785,1
65786,1
65787,1
65788,1
65789,1
65790,1
65791,1
65792,1
65793,1
65794,1
65795,1
65796,1
66062,3
66064,3
66071,2
66182,3
66184,3
66186,3
66187,3
66355,8
66359,2
66403,8
66469,6
66471,6
66517,2
66524,2
66534,8
66640,7
66650,7
66664,8
66670,8
66701,1
66703,1
66779,1
66783,7
66803,4
66872,2
66874,2
66878,2
66881,2
66885,2
66910,2
66935,2
66953,2
66967,2
66976,2
67012,3
67222,2
67230,4
67239,8
67311,2
67330,7
67332,7
67333,7
67334,7
67336,7
67357,7
67359,7
67360,7
67362,7
67365,7
67366,7
67367,7
67447,8
67451,8
67458,6
67462,6
67496,6
67500,6
67545,2
67559,8
67598,3
67623,6
67649,8
67657,8
67761,8
67764,3
67765,3
67768,8
67779,8
67786,4
68353,7
68354,7
68536,6
68538,6
68540,6
68549,6
68583,2
68587,2
68591,4
68596,4
68696,8
68837,3
68851,3
68862,3
68871,6
68875,6
68897,2
69182,7
69196,2
69198,2
69209,2
69303,6
69554,4
69555,4
69558,4
69559,4
69560,4
69564,4
69567,3
69587,2
69647,8
69665,6
69693,8
69695,8
69724,8
69762,3
69787,6
69788,6
69824,4
69827,4
69828,4
69833,4
69836,2
69925,8
69939,8
69950,8
69954,8
69988,2
70171,6
70174,6
70194,8
70206,4
70207,4
70285,1
70301,2
70412,8
70417,1
70423,7
70441,1
70442,1
70443,1
70444,1
70445,1
70447,1
70448,1
70449,1
70450,1
70451,1
70452,1
70454,1
70455,1
70456,1
70457,1
70458,1
70459,1
70460,1
70462,1
70463,1
70464,1
70465,1
70466,1
70467,1
70468,1
70469,1
70470,1
70472,1
70659,4
70770,4
70771,4
70773,4
70877,7
70878,7
70887,8
70889,8
70933,1
70934,1
70935,1
70936,1
70937,1
70939,1
70942,1
70943,1
70960,2
71095,2
71100,2
71104,2
71112,2
71133,3
71151,4
71154,4
71157,4
71175,4
71198,2
71216,4
71218,4
71224,4
71225,4
71229,4
71231,4
71241,4
71245,4
71248,4
71252,4
71311,2
71369,8
71386,2
71396,2
71503,2
71552,2
71617,8
71711,8
71808,2
71821,2
71857,1
71859,6
71867,8
71884,6
71924,8
71925,8
71926,8
71936,8
71938,8
71949,2
71964,2
72046,3
72051,3
72057,3
72070,2
72071,2
72146,6
72148,6
72285,8
72289,8
72450,8
72451,8
72570,3
72605,3
72608,3
72611,3
72639,2
72685,2
72691,2
72693,2
72694,2
72698,2
72699,2
72727,8
72731,8
72783,4
72928,6
72930,6
73087,7
73097,6
73098,6
73123,2
73150,1
73151,1
73152,1
73172,3
73175,3
73180,8
73182,8
73184,8
73193,8
73332,2
73342,2
73465,7
73483,8
73494,6
73559,2
73568,3
73584,3
73587,3
73658,3
73660,3
73675,3
73761,5
73762,5
73763,5
73764,5
73765,5
73766,5
73769,5
73775,5
73779,5
73821,6
74133,2
74185,2
74257,8
74302,6
74360,2
74364,2
74376,6
74384,6
74390,6
74392,6
74393,6
74437,3
74443,2
74445,3
74540,2
74669,8
74910,8
74937,3
74945,7
74953,4
74959,6
74960,6
75079,4
75195,7
75272,8
75304,3
75318,7
75371,4
75378,4
75380,4
75390,4
75392,4
75398,4
75399,4
75412,4
75415,4
75418,4
75421,4
75423,4
75427,4
75529,8
75667,6
75692,7
75705,1
75707,1
75710,1
75711,1
75712,1
75713,1
75714,1
75715,1
75716,1
75750,4
75778,2
75844,3
75862,3
75891,1
75895,1
75896,1
75898,1
75914,1
75915,1
75916,1
75917,1
75918,1
75926,4
75935,4
75937,4
75971,6
75973,6
76069,5
76072,5
76073,5
76074,5
76076,5
76078,5
76131,7
76136,2
76208,8
76297,2
76352,8
76353,8
76381,6
76393,2
76394,2
76437,3
76440,3
76495,8
76507,2
76511,2
76549,8
76665,2
77222,2
77517,6
77518,6
77521,6
78213,3
78297,6
78516,4
78519,4
78525,4
78836,4
78840,4
78845,4
78848,4
78984,4
78993,4
78995,4
79593,3
79616,4
79641,6
79741,7
79785,2
79847,8
79900,1
79901,1
79903,1
79904,1
79905,1
79907,1
79908,1
79909,1
79911,1
79912,1
79913,1
79914,1
79915,8
79986,3
79990,3
79998,3
80000,3
80002,3
80004,3
80296,4
80353,5
80556,2
80611,6
80686,5
80693,5
80696,5
80753,5
80772,5
80773,5
80836,2
80871,3
81053,1
81054,1
81055,1
81056,1
81057,1
81058,1
81059,1
81060,1
81071,6
81085,3
81090,3
81186,6
81189,6
81195,2
81358,6
81362,6
81862,2
81895,6
81942,3
81944,3
82062,2
82065,1
82068,1
82071,1
82221,4
82224,6
82237,6
82243,6
82245,6
82250,6
82313,2
82405,8
82505,3
82506,4
82580,2
82628,5
82630,5
82631,5
82714,2
82758,2
82785,4
82882,6
82890,6
82891,3
82892,3
82895,3
83047,8
83196,6
83440,3
83507,7
83513,7
83549,4
83553,4
83560,4
83712,4
83713,4
83717,4
83718,4
83719,4
83821,8
83828,8
83899,6
84014,3
84055,6
84111,4
84135,6
84137,6
84144,6
84154,3
84262,2
84291,8
84312,6
84515,4
84518,4
84607,7
84767,8
84792,1
84903,6
84944,6
85074,2
85288,2
85308,7
85310,7
85347,2
85399,6
85400,6
85401,6
85420,7
85421,7
85422,7
85423,7
85446,8
85485,3
85486,3
85489,3
85492,3
85508,6
85592,7
85593,7
85596,7
85690,3
85788,8
85815,8
85951,7
85952,7
85954,7
85955,7
85956,7
85965,3
85971,3
86118,7
86217,6
86254,6
86256,6
86257,6
86258,6
86261,8
86417,8
86521,6
86579,6
86634,7
86680,4
86761,8
87059,2
87061,2
87069,2
87130,2
87137,6
87158,2
87160,2
87187,7
87188,7
87191,7
87235,2
87322,7
87323,7
87325,7
87430,8
87490,8
87491,8
87507,8
87965,3
87968,3
87972,3
88428,7
88479,6
88818,6
88824,6
88854,3
88868,3
88873,3
88874,3
88877,3
88926,8
88939,8
88956,8
89180,4
89188,4
89376,6
89447,4
89472,2
89473,4
89613,6
89630,4
89634,4
89815,2
89847,4
89859,4
89880,8
90149,4
90152,4
90278,6
90578,7
90579,7
90583,7
90584,7
90592,7
90621,3
90625,3
90800,6
90827,7
90834,7
90986,4
90993,4
91074,8
91084,2
91090,8
91092,8
91100,3
91131,6
91156,1
91157,7
91158,7
91159,7
91161,7
91163,7
91179,5
91185,5
91187,5
91210,2
91211,2
91212,2
91216,2
91225,8
91235,3
91236,3
91238,3
91297,4
91298,4
91318,4
91319,4
91323,8
91329,8
91443,3
91448,3
91469,7
91470,7
91471,7
91593,2
91711,8
91746,2
91754,2
91796,3
91856,2
91861,8
91868,8
91894,6
91897,6
91933,3
91937,3
91940,2
91960,5
92008,2
92124,7
92125,7
92129,7
92130,7
92275,2
92276,2
92429,2
92504,8
92548,2
92572,6
92574,6
92854,3
92872,6
92873,6
92877,6
92878,6
93049,8
93057,8
93076,3
93081,6
93397,8
93518,2
93569,8
93704,3
93727,2
93935,2
93943,7
93944,7
94237,4
94286,6
94338,8
94340,8
94412,2
94427,4
94449,4
94455,4
94456,4
94458,4
94460,4
94467,4
94629,7
94631,7
94633,7
94635,7
94729,2
95183,6
95224,2
95225,8
95373,2
95486,7
95508,8
95548,6
95551,6
95558,6
95564,6
95571,6
96094,2
96657,4
96658,4
96660,4
96662,4
96673,4
96677,4
96693,3
96694,3
96698,3
96699,3
96723,3
96731,3
96742,5
96743,5
96900,6
97041,4
97211,3
97214,3
97374,6
97385,2
97404,2
97544,2
97568,4
97585,3
97586,3
97683,2
97691,4
97771,6
97814,6
97841,6
97962,2
97973,2
97980,4
97987,4
98022,8
98026,5
98028,5
98109,2
98298,5
98300,5
98301,5
98302,5
98314,5
98347,5
98348,5
98349,5
98555,4
98566,4
98567,4
98584,4
98628,4
98655,5
98657,5
98665,5
98667,5
98671,5
98679,5
98680,5
98723,2
98922,2
98927,2
98937,2
98948,2
98974,2
98982,2
98998,2
99037,2
99038,2
99040,2
99075,4
99084,4
99093,4
99150,8
99161,8
99257,8
99300,2
99359,5
99363,5
99364,5
99370,5
99373,5
99375,5
99389,5
99390,5
99391,5
99392,5
99394,5
99395,5
99419,8
99436,8
99480,2
99493,2
99496,4
99499,4
99703,2
100473,4
100476,4
100831,2
100835,2
100921,4
100958,4
101070,8
101083,8
101095,8
101116,5
101118,5
101752,6
101873,6
102092,6
102134,6
102207,2
103525,2
103787,4
103801,4
103803,4
103805,4
103807,4
104009,3
104010,3
104065,7
104067,7
104191,8
104344,8
104423,2
104425,2
104621,6
104622,6
104725,6
104780,7
104810,2
105114,8
105405,2
105444,4
105450,4
105451,4
105523,6
105526,6
105683,4
105714,3
105715,3
105718,3
105719,6
105721,6
105767,2
105826,4
105908,8
105917,3
105919,3
106340,3
106443,3
106456,3
106457,3
106459,8
106512,8
106563,8
106564,8
106568,8
106634,2
106693,4
106696,4
106700,4
106892,8
106940,3
107024,4
107030,4
107047,7
107048,7
107100,8
107101,8
107106,8
107119,2
107122,2
107179,5
107183,5
107184,5
107187,5
107202,8
107208,8
107250,5
107256,5
107257,5
107356,8
107364,8
107391,8
107508,1
107512,1
107514,1
107568,3
107577,3
107580,3
107581,3
107583,3
107585,3
107586,3
107587,3
107590,3
107591,3
107594,3
107597,3
107802,4
107810,7
107814,4
107842,4
107846,4
107910,2
107912,2
107913,2
107951,5
107952,5
107953,5
107956,5
108014,3
108047,6
108048,6
108059,6
108060,6
108230,2
108303,3
108313,6
108315,6
108317,6
108339,2
108422,2
108423,2
108427,7
108429,7
108440,4
108441,4
108456,7
108457,7
108463,2
108498,4
108505,8
108772,4
108792,4
108793,4
108797,4
108802,4
108809,4
108839,4
108840,4
108843,4
108863,5
108864,5
108865,5
108866,5
108867,5
108868,5
108989,8
109064,6
109069,6
109070,6
109144,6
109276,6
109443,8
109445,3
109446,3
109447,3
109450,3
109466,8
109471,8
109480,3
109492,8
109498,8
109504,8
109506,8
109532,2
109536,2
109657,4
109665,4
109681,4
109683,4
109880,6
109899,3
109900,3
109902,3
109903,3
109958,7
109971,7
109977,7
109978,7
110080,4
110084,4
110108,2
110110,2
110161,8
110170,3
110171,3
110204,6
110205,6
110209,6
110231,6
110234,6
110261,4
110267,4
110441,3
110447,5
110448,5
110449,5
110545,8
110546,8
110610,6
110623,6
110626,6
110630,6
110637,8
110691,2
110742,4
110756,4
110761,4
110763,4
110767,4
110771,4
110776,4
110923,3
110926,3
110927,3
110986,8
111187,3
111212,8
111238,6
111308,8
111367,7
111372,7
111375,7
111376,7
111377,7
111378,7
111379,7
111380,7
111381,7
111382,7
111383,7
111384,7
111386,7
111389,7
111392,7
111396,7
111397,7
111398,7
111416,2
111449,6
111553,2
111805,8
111908,8
111930,2
112084,6
112192,6
112194,6
112214,6
112343,8
112371,2
112374,2
112407,6
112460,4
112475,4
112483,4
112485,4
112486,4
112502,2
112505,2
112533,8
112733,8
112765,2
112768,2
112780,6
113016,7
113017,7
113019,7
113021,7
113024,7
113028,7
113034,4
113203,6
113260,5
113261,5
113262,5
113264,5
113265,5
113266,5
113267,5
113269,5
113270,5
113273,5
113275,5
113281,5
113284,5
113288,8
113289,8
113299,8
113328,2
113330,2
113331,2
113332,2
113334,2
113342,3
113343,3
113400,4
113407,4
113408,4
113523,8
113594,1
113595,1
113596,1
113599,1
113600,1
113601,1
113602,1
113603,1
113604,1
113605,1
113606,1
113607,1
113608,1
113696,5
113698,5
113699,5
113700,5
113809,7
113933,7
113948,3
113949,3
113950,3
113973,2
114036,4
114038,4
114041,4
114042,4
114045,4
114051,4
114198,8
114244,2
114265,4
114266,4
114267,4
114268,4
114274,4
114291,2
114294,2
114334,2
114414,8
114427,8
114544,2
114879,5
114880,5
114884,5
114936,5
114937,5
114938,5
114939,5
114941,5
114942,5
114943,5
114974,6
115262,5
115267,5
115268,5
115269,5
115271,5
115357,2
115380,2
115381,2
115592,6
115700,2
115725,8
115852,6
115917,3
115930,3
115935,3
116116,6
116365,6
116383,6
116387,4
116389,4
116412,1
116448,3
116453,3
116455,3
116514,6
116541,8
116544,8
116546,8
116702,3
116706,3
116709,6
116732,8
116825,8
116829,8
116872,3
116876,3
116884,3
117284,2
117392,8
117627,3
117630,3
117667,5
117668,5
117669,5
117670,5
117843,6
117943,5
117945,5
117961,6
118000,6
118045,6
118084,6
118087,6
118195,6
118196,6
118202,2
118257,6
118484,6
118485,6
118492,6
118499,6
118500,6
118501,6
118502,6
118505,6
118518,8
118569,4
118573,4
118632,6
118633,6
118664,2
118669,2
118670,3
118671,3
118674,3
118705,6
118735,3
118736,3
118737,3
118856,2
118886,3
118890,3
119063,6
119115,6
119136,6
119187,7
119193,7
119254,8
119375,6
119396,6
119578,6
119579,6
119582,6
119584,7
119592,7
119594,7
119725,3
119726,3
119942,4
119944,6
119945,6
119972,4
119973,4
119977,4
119993,4
119994,4
120105,7
120109,7
120111,7
120112,7
120148,6
120153,6
120169,6
120171,6
120172,3
120177,3
120182,7
120184,7
120188,7
120189,7
120199,7
120201,7
120203,7
120206,7
120207,7
120208,7
120466,2
120471,2
120506,2
120517,8
120782,6
120795,2
120913,1
120914,1
120915,1
120916,1
120917,1
120918,1
120919,1
120920,1
120922,1
120923,1
120924,1
120926,1
120927,1
120928,1
121204,2
121210,2
121223,8
121230,8
121276,6
121312,4
121314,4
121316,4
121319,4
121320,4
121323,4
121346,6
121582,8
121590,7
121592,7
121594,7
121722,2
121725,2
121739,7
121767,8
121822,8
121849,6
121915,5
121922,5
121930,5
121976,6
122002,6
122003,6
122042,2
122132,6
122143,6
122155,6
122167,6
122206,6
122248,6
122259,6
122260,6
122352,3
122357,3
122359,3
122396,8
122463,8
122469,8
122475,7
122500,7
122503,7
122504,7
122534,7
122535,7
122579,7
122617,8
122679,8
122803,7
122805,7
122901,5
122933,3
122934,3
122935,3
122936,3
123095,3
123098,3
123276,8
123277,8
123278,8
123338,6
123340,6
123424,8
123490,3
123502,2
123509,7
123611,4
123619,4
123640,4
123642,4
123643,4
123645,4
123759,8
123769,6
123821,8
123896,3
123920,2
123968,4
123970,4
123971,4
123972,4
123973,4
123974,4
123975,4
123979,4
123980,4
124008,8
124111,8
124387,8
124425,3
124426,3
124461,8
124475,7
124479,7
124480,7
124483,7
124484,7
124492,8
124565,8
124566,8
124567,8
124698,4
124702,4
124748,4
124871,6
124887,6
124912,2
124977,2
125016,6
125183,3
125185,3
125186,3
125191,3
125195,3
125202,1
125232,6
125237,6
125239,6
125289,2
125314,5
125376,7
125495,8
125546,8
125550,8
125551,8
125559,2
125561,2
125564,2
125585,2
125739,8
125775,8
126033,8
126043,8
126055,6
126102,7
126103,7
126104,7
126105,7
126294,8
126354,7
126362,7
126401,7
126403,7
126404,7
126407,7
126428,7
126429,7
126431,7
126484,3
126488,3
126490,3
126509,6
126513,6
126516,6
126521,6
126556,6
126597,8
126604,6
126605,6
126608,6
126668,8
126743,3
126778,3
126779,3
126781,3
126788,3
126889,2
126895,2
126913,8
126919,8
126929,8
127017,3
127073,2
127083,2
127088,2
127180,7
127185,7
127186,7
127187,7
127191,3
127204,7
127263,2
127266,3
127267,3
127269,7
127271,7
127272,7
127273,7
127276,7
127278,7
127279,7
127281,7
127282,7
127298,7
127301,7
127303,7
127349,2
127356,5
127358,5
127359,5
127360,5
127382,6
127402,6
127408,6
127469,6
127546,8
127557,8
127626,7
127716,8
127722,3
127724,3
127798,6
127806,2
127869,5
127871,5
127911,7
127913,7
127914,7
127915,7
127920,3
128253,2
128257,2
128481,8
128482,7
128484,7
128500,3
128533,2
128825,6
128845,6
128879,6
128920,4
128926,4
128927,4
128992,6
129048,7
129049,7
129051,7
129053,7
129054,7
129056,7
129095,8
129097,8
129227,8
129236,6
129243,6
129351,2
129370,7
129374,7
129375,7
129397,5
129401,5
129404,5
129407,5
129442,3
129443,3
129673,4
129685,3
129702,2
129732,2
129849,8
129874,5
129875,5
129880,5
129882,5
129887,5
129889,5
129910,4
129917,4
129923,5
129924,5
129925,5
129926,5
130080,8
130106,8
130218,4
130221,8
130265,7
130281,2
130367,7
130369,7
130447,4
130485,4
130497,4
130530,8
130581,8
130604,8
130638,4
130639,4
130649,4
130652,4
130660,3
130666,3
130683,8
130688,8
130691,8
130702,4
130711,4
130878,2
130887,2
130889,2
130904,2
130916,2
130941,3
130944,3
130945,3
130946,3
130947,3
130949,3
130955,3
130956,3
130961,3
130963,3
130964,3
130997,2
131011,4
131016,4
131018,4
131024,6
131026,6
131127,8
131180,8
131426,4
131436,7
131446,7
131447,7
131448,7
131449,7
131450,7
131456,8
131490,2
131537,8
131568,6
131624,6
131639,8
131766,7
131769,7
131771,7
131774,7
131835,8
131904,3
131909,6
131932,5
131935,5
131936,5
131939,5
131940,5
131942,5
131951,5
131952,5
132022,6
132042,3
132044,3
132132,2
132138,2
132151,8
132170,8
132434,6
132450,3
132693,8
132697,8
132778,7
132784,7
132785,7
132788,7
132789,7
132790,7
132792,7
132909,8
132955,4
132962,4
133294,6
133300,6
133330,6
133333,6
133639,3
133769,6
133780,3
133781,3
133800,3
133801,3
133802,3
133838,5
133847,2
133848,2
134025,8
134032,8
134049,2
134069,6
134082,3
134385,7
134548,2
134551,2
134824,4
134825,4
134918,5
134919,5
134922,5
134923,5
134928,5
134929,5
134930,5
134931,5
134932,5
134934,5
134935,5
134937,5
134938,5
134940,5
134941,5
134942,5
134943,5
134948,5
134951,5
134956,5
134959,5
134968,3
134974,3
134982,1
134984,1
135007,3
135039,3
135041,3
135042,3
135091,6
135219,5
135223,5
135224,5
135227,5
135229,5
135336,7
135337,7
135339,7
135340,7
135341,7
136084,1
136085,1
136087,1
136088,1
136089,1
136138,3
136340,2
136341,2
136465,4
136466,4
136523,6
136545,8
136637,6
136933,6
136994,5
136995,5
137051,2
137151,2
137199,8
137201,8
137393,2
137418,8
137436,2
137606,8
137716,8
137723,8
137734,8
137735,8
137836,8
137894,4
137906,3
137941,8
137990,3
137995,8
138012,2
138015,3
138016,3
138017,3
138038,7
138039,7
138041,7
138062,7
138064,7
138065,7
138132,2
138217,4
138218,4
138304,8
138315,8
138354,8
138406,3
138407,3
138408,3
138410,3
138416,3
138486,2
138489,2
138659,6
138737,2
139001,6
139059,1
139060,1
139061,1
139062,1
139063,1
139064,1
139110,3
139111,3
139329,6
139331,6
139521,3
139589,2
139681,6
139688,6
139722,2
139729,2
139904,8
139993,2
140296,2
140306,2
140315,6
140319,2
140332,2
140565,2
140583,3
140584,5
140613,4
140614,4
140617,4
140620,4
140872,3
140873,3
140922,2
140932,2
140939,6
140941,1
140943,1
140944,1
140945,1
140946,1
140948,1
140949,1
140950,1
140951,1
140952,1
141115,4
141160,4
141165,4
141180,7
141181,7
141182,7
141304,4
141331,8
141369,4
141415,8
141563,4
141566,4
141593,5
141594,5
141869,2
141874,2
142294,8
142358,4
142362,4
142459,2
142515,3
142517,3
142518,3
142529,3
142533,5
142534,5
142536,5
142539,5
142549,7
142551,7
142553,7
142564,5
142571,5
142573,5
142576,5
142592,8
143033,6
143039,6
143090,7
143094,8
143100,8
143128,2
143129,2
143137,1
143138,1
143139,1
143143,1
143145,1
143146,1
143237,7
143285,8
143970,4
143979,4
144165,4
144167,4
144173,4
144175,4
144216,4
144466,3
144467,3
144469,3
144471,3
144473,3
144476,3
144477,3
144487,6
144488,6
144542,3
144544,3
144547,3
144549,3
144552,3
144560,2
144592,2
144741,4
144808,6
144809,6
144933,7
144937,7
144943,7
144945,7
144946,7
145002,3
145003,3
145004,3
145027,8
145037,2
145073,6
145206,1
145207,1
145208,1
145209,1
145354,3
145555,3
145563,1
145564,1
145565,1
145566,1
145567,1
145569,1
145570,1
145571,1
145572,1
145646,2
145704,7
145706,7
145711,7
145727,4
145728,4
145729,4
145742,4
145743,4
145744,4
145747,4
145748,4
145767,8
145800,2
145830,2
145895,6
146002,1
146004,8
146041,8
146167,2
146169,2
146481,8
146538,8
146639,3
146684,4
146699,4
146710,4
146713,4
146725,4
146726,4
146878,2
146879,2
146962,3
146966,3
146967,3
146968,3
147021,4
147059,6
147085,6
147086,6
147173,6
147185,2
147268,4
147297,2
147301,2
147380,8
147773,8
147885,4
147951,8
148028,4
148029,4
148078,5
148079,5
148145,8
148161,8
148186,3
148187,3
148190,3
148211,3
148212,3
148215,3
148228,3
148230,3
148234,3
148235,3
148285,7
148288,7
148296,6
148302,6
148303,6
148429,5
148430,5
148469,6
148488,1
148490,1
148511,7
148512,7
148513,7
148517,7
148519,7
148535,3
148582,7
148584,7
148585,7
148586,7
148592,8
148603,3
148605,3
148606,7
148607,7
148608,7
148609,7
148612,7
148618,8
148625,8
148635,8
148643,1
148644,1
148645,1
148646,1
148647,1
148648,1
148650,1
148651,1
148653,1
148777,2
148881,8
148882,8
148890,8
148960,2
149078,7
149080,7
149081,7
149100,7
149101,7
149102,7
149103,7
149147,8
149375,4
149411,8
149414,8
149422,6
149669,8
149689,4
149690,4
149703,1
149705,1
149706,1
149735,1
149750,7
149775,6
149776,6
149841,6
149844,6
149938,8
149953,4
150014,7
150015,7
150018,7
150062,3
150073,5
150078,5
150079,5
150160,4
150285,4
150354,2
150399,6
151403,2
151654,2
151851,3
152103,5
152253,5
152258,5
152261,5
152262,5
152324,7
152425,5
152542,4
152544,4
152650,2
152655,2
152844,1
153203,8
153337,4
153383,7
153945,3
153953,8
153956,7
154292,4
154293,4
154298,4
154299,4
154309,4
154360,2
154413,7
154964,2
154995,6
155130,2
155307,6
